Gen;Time;Best Score;First Place Generation;Second Place Generation;Third Place Generation
1;0.4774463176727295;197.29220639172138;197.29220639172138;25.25;25.25
2;1.801574945449829;412.1751245850614;412.1751245850614;328.15339359799776;248.73211420516137
3;7.232383966445923;679.7553137676177;679.7553137676177;660.0656553660452;556.8843426932553
4;13.469653606414795;679.7553137676177;595.4976974755058;574.0014950807252;563.0355439246765
5;19.20840311050415;679.7553137676177;604.5665065990208;579.0525613598038;546.2811972435829
6;25.364163875579834;679.7553137676177;609.4896133401971;594.0944077416511;505.210132863336
7;31.473622798919678;679.7553137676177;524.3883847344846;483.0156480092554;482.4726994846504
8;37.638893842697144;679.7553137676177;623.8759447181463;606.6266135695064;602.4599427546278
9;44.23780059814453;679.7553137676177;643.3979047175987;613.4542656378553;606.9188279220102
10;50.97030806541443;734.5298984938406;734.5298984938406;707.7963010502069;695.8903761946281
11;57.465086936950684;734.5298984938406;651.8207663046269;559.7090342834649;520.198102802161
12;63.552499532699585;734.5298984938406;672.2661156586372;623.1908547835137;586.0714197430259
13;69.96739196777344;739.5780160345797;739.5780160345797;682.8232404068805;632.4118810948543
14;76.74168014526367;739.5780160345797;725.8852700400674;689.7924430018202;681.4679483003424
15;83.81487846374512;776.4267599963988;776.4267599963988;693.4540916973937;662.8301914510225
16;90.09982013702393;776.4267599963988;651.2975226113853;639.3785000560018;558.5728801153414
17;96.34668588638306;776.4267599963988;477.9250335937404;440.6610640690945;423.7740373356516
18;102.90935039520264;776.4267599963988;718.2512077506086;686.2496177450463;646.9251763533093
19;109.3387439250946;776.4267599963988;602.2054305040724;541.6100388445208;529.8124831406567
20;115.47733950614929;776.4267599963988;655.8866104644934;638.7487450083836;550.209544956742
21;121.71756839752197;776.4267599963988;630.7300756999997;601.7900542616769;556.2600693337819
22;128.40157198905945;776.4267599963988;638.4792395512998;633.8492323136805;598.0423293414392
23;135.14744019508362;776.4267599963988;598.373740769468;593.4991391276445;580.5453420661845
24;141.06801176071167;776.4267599963988;728.9769794882183;617.0234915692525;610.5845787156042
25;146.73215246200562;776.4267599963988;512.9141482374157;469.91726190693123;455.800854839925
26;153.1118447780609;776.4267599963988;599.2422603517782;556.7737894551;547.8666905102649
27;159.08464670181274;776.4267599963988;621.4265898744284;618.6149341560679;539.9293901859587
28;165.6294617652893;776.4267599963988;670.2119802097293;615.2320944129467;614.2997265826742
29;171.2114896774292;776.4267599963988;588.1764258873868;495.3245443925915;469.5790826467171
30;177.42593026161194;776.4267599963988;629.8365785976857;565.8215624979493;503.13257387680187
31;183.61728525161743;776.4267599963988;712.5236463024879;549.9517752743574;547.5889642345788
32;189.86823654174805;776.4267599963988;615.0992637719717;607.2776672110629;540.7466375062435
33;196.3034598827362;776.4267599963988;765.5604858350254;633.6246672005634;624.371038987375
34;202.43891596794128;776.4267599963988;660.0953063310623;631.2260081770828;581.8622690289035
35;208.4704830646515;776.4267599963988;554.2048741451415;507.2397419601161;453.7341642565568
36;214.69422674179077;776.4267599963988;578.4433947110795;561.6801138056687;496.50326551303255
37;220.6615493297577;776.4267599963988;688.1035658320162;586.8479072609883;556.3378561848389
38;226.69084882736206;776.4267599963988;708.7308505265661;586.468384841915;509.09948056345075
39;232.3318531513214;776.4267599963988;661.2493113065253;607.5066742673522;579.6091211975811
40;238.03863501548767;776.4267599963988;667.237495979373;586.1019817336885;570.789312089899
41;243.59160041809082;776.4267599963988;712.4830371884597;671.1248369850385;566.6194315650082
42;249.45087361335754;776.4267599963988;624.0988124577274;523.7861679157188;488.9036475060164
43;255.0718867778778;776.4267599963988;665.9762792003905;610.2880593969356;535.8068031496156
44;260.62234902381897;776.4267599963988;650.3079111949306;649.241759464669;561.428169356261
45;266.2551746368408;776.4267599963988;541.3128491333875;441.1972904748274;408.9413271784775
46;272.41789984703064;776.4267599963988;649.6284017558024;589.4662569986965;577.0131044838216
47;278.9142436981201;799.9988318012091;799.9988318012091;584.1768351890547;547.6288979399474
48;285.4928569793701;799.9988318012091;744.3639905849074;614.9498629975803;588.1680348593982
49;291.50844979286194;799.9988318012091;557.2889056522778;556.2523917767609;493.29312980672637
50;297.74484872817993;799.9988318012091;618.0262145875635;586.3321655783236;586.253578849973
51;304.2422890663147;799.9988318012091;690.6337807656648;594.0067179633872;583.7177206658752
52;310.7343707084656;799.9988318012091;599.0567975265801;596.6664814819387;586.9611061240776
53;317.86237955093384;799.9988318012091;693.8311888269367;651.9746083483594;633.343466233225
54;324.71042037010193;799.9988318012091;768.6748107162064;705.5950961133927;662.2779257150123
55;331.1301248073578;799.9988318012091;659.3556315800054;606.9378973457465;594.8333909636053
56;336.99233984947205;799.9988318012091;644.4772670482943;582.4573308446124;569.9185882145883
57;343.7330141067505;799.9988318012091;760.324140783781;672.7941612232373;600.6046977144599
58;350.1412193775177;799.9988318012091;736.6471257614384;635.518810095759;612.6672187595444
59;356.1304190158844;799.9988318012091;645.949996365751;626.935425609764;552.3835958974385
60;361.7985224723816;799.9988318012091;719.4506004308129;642.0531951371158;530.5609691809682
61;368.0870907306671;799.9988318012091;678.6104967488038;580.6212531707414;560.7313635662281
62;374.2963318824768;835.428674411095;835.428674411095;582.9803645407566;582.8872040282275
63;379.8959324359894;835.428674411095;630.7552085001067;621.6222975018474;536.0525853734988
64;385.60997581481934;835.428674411095;726.0138950181438;711.4354117880962;635.5965849144851
65;391.6263155937195;835.428674411095;711.9246555689172;678.7193375384329;660.650597752161
66;397.16113328933716;835.428674411095;739.0006684515873;668.6592918325156;614.4416388110229
67;402.65330696105957;835.428674411095;780.7908523116856;623.4723676557561;551.3153523357626
68;408.5332932472229;835.428674411095;676.1382261783585;601.8936411051341;536.2759041920153
69;414.38494634628296;835.428674411095;645.3748249304135;504.04692160358627;465.8088865226928
70;419.93927335739136;835.428674411095;690.0126597671385;601.5850999162219;524.8667497581143
71;425.83318042755127;835.428674411095;779.705014572328;588.1803368641545;560.7605226311499
72;431.68849086761475;835.428674411095;617.1994852188462;594.0838862093892;583.2179862264632
73;437.3584215641022;835.428674411095;615.6067348251701;586.4073034580463;577.5772375854358
74;442.7433331012726;835.428674411095;723.312209035441;673.3352527914759;620.831281254746
75;447.85561060905457;835.428674411095;558.6447547171958;477.14121153611615;477.1174421028003
76;452.885379076004;835.428674411095;650.9027217646019;648.2692122346407;533.1113247864848
77;458.668292760849;835.428674411095;792.9539792167292;648.0908312579354;629.0835806137985
78;464.63691210746765;835.428674411095;619.5138909977394;617.1014199039604;611.624379627117
79;470.0814743041992;835.428674411095;688.0683295351541;551.4029618609025;472.06286131644345
80;476.126606464386;835.428674411095;593.4397053593718;590.587832622141;550.8605740950659
81;482.18828892707825;835.428674411095;642.433939233109;638.936075270871;564.0256833096641
82;488.3170247077942;835.428674411095;676.7009326180403;536.8845532230453;533.2982961516474
83;494.04963064193726;835.428674411095;605.9581849782272;572.0508482397032;542.1561933583902
84;500.01996994018555;835.428674411095;538.071639907065;505.7151903094001;450.72076591476184
85;505.63726353645325;835.428674411095;658.8854053124695;646.1417955642803;645.5695531609081
86;511.92237186431885;835.428674411095;753.7643620293924;667.5974567361834;644.126467164136
87;518.1386260986328;835.428674411095;742.3163464882704;659.2648862285666;611.5664965990009
88;524.4643507003784;835.428674411095;659.501025093543;650.1444755037212;607.0549499100077
89;530.4736597537994;835.428674411095;666.7403113873224;658.9320036426079;650.0567117687116
90;536.7192974090576;835.428674411095;681.2698828734199;575.3107672390771;484.4492214894418
91;542.6267855167389;835.428674411095;640.4617113811232;551.5921560266659;514.951142480637
92;548.3936071395874;835.428674411095;677.4006199638385;583.9348829370585;561.2998917756523
93;554.1625831127167;835.428674411095;659.6079789371769;533.1721195618161;482.1011025620842
94;559.8909976482391;835.428674411095;606.0521145107323;562.1454916860674;513.1241383066832
95;565.7817599773407;835.428674411095;724.3820069186705;610.8706012379672;600.9154944691957
96;572.1349194049835;835.428674411095;626.2282361437424;581.5434098113844;573.3009642516117
97;578.0207664966583;835.428674411095;693.4180791467682;642.1912812499256;635.9762078048196
98;583.2774240970612;835.428674411095;615.9643281917408;575.7281867283665;533.7311876883681
99;588.8863055706024;835.428674411095;657.5383922920569;546.0963017974826;538.0748026269152
100;595.0475175380707;835.428674411095;588.6168162149684;578.9750025767883;526.6466787801553
101;600.915708065033;835.428674411095;500.852309743321;490.454637023209;474.79832898946347
102;607.31973695755;835.428674411095;589.5394940376946;580.0525981135697;572.9826189293235
103;613.0309519767761;835.428674411095;630.5944570035045;524.1245912125122;450.75988472062556
104;618.4872486591339;835.428674411095;667.0237093195337;663.1612498309107;596.2667939955408
105;623.4576668739319;835.428674411095;570.6741631664935;548.7384541858983;479.32202706171216
106;628.314724445343;835.428674411095;633.1956792592874;569.309503196271;518.4313573117743
107;633.13534116745;835.428674411095;577.4045153086533;567.7230569844335;521.3477775476865
108;639.0828092098236;835.428674411095;659.338218884638;648.9574710844525;622.1847602393067
109;644.908294916153;835.428674411095;599.5402011211997;577.100089957713;575.678731250312
110;650.3269739151001;835.428674411095;596.1727177474493;574.1684856377516;565.8573280957489
111;655.0898804664612;835.428674411095;588.1722548892654;541.0139240080083;533.3548668524492
112;661.3279011249542;835.428674411095;645.4213530543277;602.6719072056945;485.74584562821565
113;668.2930550575256;835.428674411095;726.5122637489925;692.3013002663835;618.4396208541152
114;673.9119985103607;835.428674411095;610.0638138451196;573.5604403371502;543.0449906792687
115;679.3570320606232;835.428674411095;669.1465288284139;669.1013990369689;645.0996781716408
116;684.5320382118225;835.428674411095;663.7219223930116;576.3633952302578;517.3617530384428
117;689.48197722435;835.428674411095;664.9901269312089;576.1006732205959;556.6303563686687
118;695.0171213150024;835.428674411095;783.5957828204025;725.481384389765;609.9495438730203
119;701.0369279384613;835.428674411095;720.643257977538;572.9226195900267;570.6338707879357
120;706.1328432559967;835.428674411095;611.411899517517;552.9790265216286;395.9342553628983
121;711.3049998283386;835.428674411095;591.7990691976651;553.451512059474;468.5910600302614
122;716.107254743576;835.428674411095;720.3366291859959;676.4499436938008;577.2341708823043
123;722.2404432296753;835.428674411095;660.4577466571582;613.3005572192683;574.8836218608759
124;728.1307542324066;835.428674411095;645.982706097156;607.7788353813049;500.6613265575088
125;734.1688966751099;835.428674411095;636.2927460473012;604.9301279040126;494.7661465853879
126;739.4181835651398;835.428674411095;651.5773034655305;544.9906449709011;483.3488891767221
127;745.3860540390015;835.428674411095;647.2967176522209;628.8709194024441;605.387967186861
128;751.1693248748779;835.428674411095;694.0935304249533;666.66063125397;652.8176453033376
129;755.5767433643341;835.428674411095;627.0793722378901;538.5653784725037;503.9581806180215
130;761.2289261817932;835.428674411095;754.1395481060557;510.0737999327688;499.1708334110726
131;766.3102452754974;835.428674411095;679.7965887870338;672.114334721741;536.197874592303
132;771.0883283615112;835.428674411095;628.0849952752692;521.450358885335;490.7659648585068
133;775.9666266441345;835.428674411095;583.7741694817454;528.201499442748;517.9991780536978
134;781.168053150177;835.428674411095;626.975562948335;581.6553294447118;577.8001783641869
135;786.5805625915527;835.428674411095;654.2086972673521;512.411301855066;491.80122894655364
136;791.9012124538422;835.428674411095;688.7584092735372;645.783428449477;605.3697044025403
137;797.494745016098;835.428674411095;640.4877357143505;522.5191796635929;467.8398919156578
138;803.0740692615509;835.428674411095;697.1805645393166;638.6838042669779;627.2854323598182
139;808.2392172813416;835.428674411095;698.0019787745273;541.1942259677819;466.5904575942509
140;813.1612732410431;835.428674411095;588.6753997496213;505.6018947324999;474.9022311728337
141;818.8705658912659;835.428674411095;568.1123654252173;535.7790815917539;529.8130793963692
142;824.4433052539825;835.428674411095;556.9305085092691;542.360867949374;508.2263041296719
143;830.547336101532;835.428674411095;620.2392352176967;537.1180617723828;523.9324064355726
144;836.5709936618805;835.428674411095;677.7917237443993;568.024778604167;497.37898093445403
145;842.4568121433258;835.428674411095;612.3839589211309;561.5463938005569;528.2852574066936
146;847.9055035114288;835.428674411095;573.6580336862069;477.82027914398736;463.8098432571165
147;853.6021921634674;835.428674411095;567.4243974930484;560.5132902156506;529.8971909341552
148;859.237603187561;835.428674411095;645.804187152114;542.027758641807;469.15988942855233
149;864.4853477478027;835.428674411095;652.6605633444902;597.8374629233683;526.7387889920483
150;870.2374374866486;835.428674411095;592.2103911979464;534.3613016075005;511.7612482614614
151;876.208395242691;835.428674411095;654.3225595861113;590.9702474625765;575.168946570303
152;881.5001809597015;835.428674411095;568.9303710072691;497.89161713825774;448.9843101695827
153;887.8316764831543;835.428674411095;675.2952779382858;671.5344632114314;559.9595618144539
154;893.0558757781982;835.428674411095;642.5983172621613;494.9887043994312;482.03807307988205
155;898.5460517406464;835.428674411095;624.5772586232813;589.1525089246302;543.1151849142564
156;904.5423576831818;835.428674411095;747.9702462545503;507.44974495475174;494.86949302900985
157;910.7577755451202;835.428674411095;707.2157629126174;625.272647157509;597.3238104954286
158;916.316130399704;835.428674411095;708.4495293493821;665.898797589594;538.5302420435997
159;922.2573041915894;835.428674411095;643.6136602870902;554.8409171899345;551.9185103605815
160;928.1281740665436;835.428674411095;552.3695007133822;521.9534748590077;517.1579231679069
161;933.741649389267;835.428674411095;628.7194445488643;608.5192039481917;497.1747173991857
162;939.2942383289337;835.428674411095;647.9399920957546;639.7643548914476;624.8050929991884
163;945.5039491653442;835.428674411095;610.2999343833716;583.0456606063809;534.9592985349342
164;951.2924556732178;835.428674411095;672.3418541597034;617.5497944843897;590.1552538179864
165;957.2356791496277;835.428674411095;763.4226904796125;582.1628124049431;478.272763665749
166;962.8203790187836;835.428674411095;663.0913352370461;488.8596178590367;486.20471188615704
167;968.5971205234528;835.428674411095;761.8248957155057;695.8207215304863;502.3706462378
168;974.3994133472443;835.428674411095;563.4702309735168;554.4979447314571;535.4596085426224
169;980.6471040248871;835.428674411095;678.129113270748;638.2621707633182;616.1218068670394
170;986.493486404419;835.428674411095;611.0380063709473;485.0851746761427;481.2828026409457
171;992.131251335144;835.428674411095;653.092771797381;653.0746888627757;651.4395114322871
172;998.0482006072998;835.428674411095;724.0554541774796;648.5493159464946;621.5413819574011
173;1004.6382193565369;835.428674411095;701.253083277744;625.9044683962803;609.5864946664194
174;1011.3725161552429;835.428674411095;604.014940903151;594.1683489987306;529.63954296378
175;1017.5715477466583;835.428674411095;665.2578060488177;609.7254442985659;573.5214476965754
176;1023.5835404396057;835.428674411095;666.2186854830868;640.9838924094506;628.2837998493695
177;1029.239286661148;835.428674411095;555.7074224898812;517.1148094816267;516.9434343538691
178;1034.7362611293793;835.428674411095;664.5080070387921;534.1584014406925;508.02837154216013
179;1040.2456197738647;835.428674411095;680.4678382931004;563.8565947340767;507.1561045177205
180;1045.8119685649872;835.428674411095;614.7198326092469;552.1404223124241;530.3027778599557
181;1051.8051495552063;835.428674411095;720.04584514917;716.3438507865895;593.8156844926702
182;1057.1881656646729;835.428674411095;617.4520060642972;577.9010205263576;516.1291430757826
183;1062.2167172431946;835.428674411095;641.509195308178;471.45563140570596;466.0714252348922
184;1067.9762921333313;835.428674411095;731.0391583359547;591.6890617674453;560.2642888635763
185;1074.4771530628204;835.428674411095;651.8656209660728;563.0319949081827;505.01653463343325
186;1080.8429489135742;835.428674411095;759.2563957293521;612.3830580096852;605.8154544326737
187;1087.642210483551;835.428674411095;706.2106733016051;705.2772794314843;620.1993006477954
188;1094.6002397537231;835.428674411095;706.7994500260818;607.8183149939757;515.58737503932
189;1101.022908449173;835.428674411095;668.2274475834575;651.3837049526713;607.132617248898
190;1109.5715458393097;835.428674411095;695.5527026985809;626.0519994462347;568.0615279985365
191;1115.5901181697845;835.428674411095;683.042134725338;592.7384960125005;556.2550648490802
192;1121.6655011177063;835.428674411095;769.0052420004366;584.7989415633153;580.9785798978289
193;1129.1284368038177;835.428674411095;739.0559160971656;733.0830627719888;719.1801869614087
194;1138.1539659500122;835.428674411095;815.3010029136735;763.832053862691;725.2480724399511
195;1145.827457666397;904.9001040487985;904.9001040487985;812.6406470201077;771.8626080769579
196;1156.012847185135;904.9001040487985;817.0373051170484;776.1893602293153;749.8891075718193
197;1166.1750588417053;904.9001040487985;832.366962814199;814.3893381614654;756.0124937522174
198;1175.783411026001;904.9001040487985;847.5863369535765;799.6962226542453;797.3681421020111
199;1185.5562069416046;904.9001040487985;854.9898845520037;805.8854586369082;804.4297824608723
200;1195.1365303993225;904.9001040487985;810.5913333930182;792.2706790847681;784.1990693004044
201;1205.2123305797577;904.9001040487985;811.0154338632406;808.6137017774752;793.939392761571
202;1214.8600656986237;904.9001040487985;849.5955716827692;837.2091747579364;835.4762078048196
203;1224.0390617847443;904.9001040487985;867.5398073610805;817.9714656546379;810.1347692392819
204;1233.290799856186;904.9001040487985;829.8735872880821;828.4660227078097;817.6699600201782
205;1242.9032907485962;904.9001040487985;835.9150155781426;805.036950092712;799.3659808598162
206;1253.0856294631958;904.9001040487985;823.8856424796768;821.5624561218889;815.0720565589637
207;1262.796156167984;905.4601313305932;905.4601313305932;879.1990232989347;871.2618616654664
208;1272.912173986435;905.4601313305932;851.8227513413937;814.3354979267731;805.5397497947251
209;1283.274146080017;905.4601313305932;852.7237727111536;800.3061111139241;790.191818765701
210;1293.9852669239044;938.6527822609573;938.6527822609573;799.2510850755767;797.1877033115103
211;1303.6451377868652;938.6527822609573;929.0978631314915;849.8476310946995;838.3406109877158
212;1313.8569149971008;961.4614870217117;961.4614870217117;873.2505518794053;832.7992418359842
213;1323.5672955513;961.4614870217117;820.3408476887839;813.2857914152984;812.2831857406813
214;1333.2137138843536;961.4614870217117;882.5617720985672;840.7190153607659;832.6573937031251
215;1343.1871819496155;961.4614870217117;827.8478518591209;825.4161877414409;816.517860648382
216;1353.1049716472626;961.4614870217117;847.4094571557904;845.7920306628195;841.5779337185344
217;1363.0787642002106;961.4614870217117;893.5045523431778;803.9574439989323;769.0185888608055
218;1373.0771880149841;961.4614870217117;862.9775023870886;821.5347753499575;820.3533676770085
219;1383.0777156352997;961.4614870217117;836.9884571243324;813.5862948528213;797.1138045646616
220;1392.340396642685;961.4614870217117;861.2963660196906;847.8292096769986;844.2974030835155
221;1401.7706685066223;961.4614870217117;866.5450121457808;845.1058175110188;828.026522002976
222;1412.7284770011902;961.4614870217117;842.0350498446153;819.6247236966544;817.0913536665714
223;1422.282972574234;961.4614870217117;914.1614588686194;826.4021030648391;779.5831886576254
224;1432.5096893310547;962.3816164166071;962.3816164166071;857.814451157488;802.8703504921884
225;1442.527991771698;962.3816164166071;871.7146974365434;835.9590953080291;816.9549622904765
226;1453.3151814937592;962.3816164166071;833.1553728041175;829.6475020669048;825.4785757999653
227;1464.8676462173462;962.3816164166071;856.328384700384;802.0682863490194;799.869353861138
228;1477.5038118362427;962.3816164166071;953.6592919378998;920.3139464676442;856.5120235407024
229;1487.698160648346;971.3481056766159;971.3481056766159;873.1132044976615;848.9543947433535
230;1498.2535727024078;971.3481056766159;845.7238126446092;837.074855787278;826.3352483005831
231;1508.8015649318695;971.3481056766159;896.1040306143698;814.382766168369;809.5066725649183
232;1519.8264000415802;971.3481056766159;909.2938882803479;852.7411884993606;831.1091270001443
233;1531.2046644687653;971.3481056766159;901.0759854560218;896.7730799516429;848.5362407770795
234;1541.3191940784454;971.3481056766159;847.9387547038122;816.7214276666118;812.7186009766689
235;1551.1465096473694;971.3481056766159;896.8807458396802;859.4965775064537;830.0811571487236
236;1561.8019876480103;971.3481056766159;908.8677474330838;835.293707631712;817.324564438779
237;1572.1370203495026;971.3481056766159;801.7253508298568;801.3624536304847;796.1160604912477
238;1582.6700592041016;971.3481056766159;855.0299487040116;807.4705629017344;775.9549321558421
239;1592.32057929039;971.3481056766159;783.1001716607004;779.5596410751671;774.7488040664924
240;1603.047941684723;971.3481056766159;892.5574290875038;847.0268824029548;839.1477722623044
241;1612.3034727573395;971.3481056766159;798.955535759127;789.3289129809716;784.2171900787242
242;1622.672517299652;971.3481056766159;860.4832351348866;837.3524067650598;830.9677981166432
243;1632.8312847614288;971.3481056766159;825.9463602346169;789.0551985176594;769.0629782629596
244;1641.616661310196;971.3481056766159;833.455014572328;827.7616436521713;819.630540135121
245;1651.0813314914703;971.3481056766159;865.5062062201017;794.2058894818529;768.0190067083697
246;1663.0294165611267;971.3481056766159;868.8513408132911;847.3092719300009;824.7160624789909
247;1671.9851558208466;971.3481056766159;862.9004376636645;802.1522702071672;776.4679741725492
248;1681.3864152431488;971.3481056766159;812.0863097950133;783.9627527543585;777.3757584016462
249;1692.0178859233856;971.3481056766159;946.4597452186023;830.8540954257473;817.916089379516
250;1702.54354929924;971.3481056766159;874.5955699488197;835.2734547298389;819.5967709185283
251;1710.8935663700104;971.3481056766159;811.9923596986514;784.0722647787225;773.0885702399029
252;1719.4941487312317;971.3481056766159;777.1229506912496;775.6714881926301;764.6218442069172
253;1728.5300040245056;971.3481056766159;823.295966390775;796.9478596440745;795.0138544437348
254;1737.631672859192;971.3481056766159;807.8020174286002;796.0950961133927;782.5079195553276
255;1746.2899298667908;971.3481056766159;812.0651781843344;774.1783703945096;772.4432907289156
256;1755.8359289169312;971.3481056766159;833.4460411650103;799.1132254325619;788.0825412056963
257;1764.7519087791443;971.3481056766159;854.978107545497;826.4977643007888;821.145721430936
258;1774.4320826530457;971.3481056766159;793.9189842590463;778.2738173530805;776.4450570702114
259;1784.228446483612;971.3481056766159;919.1647391066178;837.6310101717397;820.5986111226757
260;1793.428760766983;971.3481056766159;861.3142631820173;856.7160374830216;835.9737866358121
261;1801.440482378006;971.3481056766159;872.8056270508091;864.610362352094;822.9638501791985
262;1810.6839773654938;971.3481056766159;832.3965756748415;824.7432813172743;803.6894950113953
263;1820.9411270618439;971.3481056766159;959.6803063824088;876.4634115462443;869.4246482372076
264;1831.088562965393;971.3481056766159;864.4998606469894;816.7836755275921;778.786400109685
265;1840.9224364757538;971.3481056766159;826.9394983552044;788.2316415067796;747.0140612507894
266;1848.864144563675;971.3481056766159;846.7676622235034;846.2980030736877;800.4724054136515
267;1857.294338941574;971.3481056766159;819.4478084433116;814.6874336519008;808.949282511468
268;1865.7753810882568;971.3481056766159;799.6821678038222;794.0444821797479;787.3861528463432
269;1874.1283738613129;971.3481056766159;832.2396284846666;824.1658022223035;789.1735675757294
270;1883.447990179062;971.3481056766159;818.2174083020927;817.5726683532246;780.1515412865754
271;1891.774878025055;971.3481056766159;846.2681961213234;828.8215988279824;782.6780203596851
272;1899.75301527977;971.3481056766159;905.6958698830983;844.3106232706693;838.4486507023227
273;1908.2562572956085;971.3481056766159;842.4522169905191;835.8031049922287;831.2495978130346
274;1916.2414648532867;971.3481056766159;912.062338751934;844.1019343169708;799.3561776834397
275;1924.3719573020935;971.3481056766159;824.9861202847537;804.382223217478;793.5692749380094
276;1931.1373505592346;971.3481056766159;838.7547137254493;802.0646173340551;778.9153534054651
277;1939.6262917518616;971.3481056766159;812.1196496513253;807.7160447192075;801.7278332541097
278;1948.5108001232147;971.3481056766159;895.0626509670644;887.9858807371495;823.0862694428652
279;1955.1525168418884;971.3481056766159;872.8983752828069;791.3106980028704;786.7506791892993
280;1962.2907350063324;971.3481056766159;833.2343013027712;805.0382038004084;803.2625313338134
281;1971.153371810913;971.3481056766159;839.4442416882927;825.0254544634677;820.0163440728644
282;1978.9080662727356;971.3481056766159;797.9734317104715;796.6327107763099;794.2832346995623
283;1987.6049311161041;971.3481056766159;799.776069985172;792.973435298135;780.3907568001832
284;1995.7446007728577;971.3481056766159;885.8305741026936;830.2412237200354;785.9290640997197
285;2003.9782090187073;971.3481056766159;810.9062632210953;787.4868858525539;785.0085793591717
286;2013.5141053199768;971.3481056766159;837.5818848246539;803.8655015231686;782.8543061509375
287;2022.806048154831;971.3481056766159;915.3146365514519;848.8639316731894;803.1726611969702
288;2032.3049314022064;971.3481056766159;794.6315352746083;788.7133305810224;786.6265109550358
289;2039.686270236969;971.3481056766159;877.2100189884484;843.0311169238913;816.0970942017291
290;2046.7184953689575;971.3481056766159;829.7852259566101;765.1777601803665;750.4292582803903
291;2053.7923855781555;971.3481056766159;840.1656619471254;801.0133068101221;767.4974024284728
292;2060.263659954071;971.3481056766159;816.561608791494;799.9524195018105;792.8307576481301
293;2069.0598106384277;971.3481056766159;828.2603606504767;822.4473205037639;793.9809453292843
294;2076.9322197437286;971.3481056766159;863.30975904307;795.0988210529148;792.058723919068
295;2084.958615064621;971.3481056766159;788.2136756087482;777.9205575962128;759.2459962781044
296;2091.9810931682587;971.3481056766159;870.9423034538415;761.0617270486913;750.409122079494
297;2100.8969588279724;971.3481056766159;847.2717104211413;785.794570657439;784.6836813539699
298;2110.540907382965;971.3481056766159;817.337231329838;805.5795718329514;797.3521614493087
299;2120.7092814445496;971.3481056766159;928.1303397691082;880.3513507790165;781.6814718543596
300;2129.4814081192017;971.3481056766159;881.9121449405866;864.7397071287435;831.1660429176662
301;2137.6287772655487;971.3481056766159;828.8638897855247;780.6766830617169;777.4960642121757
302;2147.116879224777;971.3481056766159;814.5886919493703;783.6913627954215;783.2576093707485
303;2155.7806169986725;971.3481056766159;872.9520738926926;852.8343043845243;814.0450713850736
304;2163.540043115616;971.3481056766159;803.9650069972014;803.464034273875;798.603604581993
305;2171.325851917267;971.3481056766159;837.3916430434693;811.218972773665;724.6098966531749
306;2178.809815645218;971.3481056766159;788.1760517312011;783.4261837622705;770.7565664094842
307;2186.19388961792;971.3481056766159;815.9413271784774;815.8906470201077;770.4590981502977
308;2193.7989263534546;971.3481056766159;791.7935116072981;782.9560591856249;768.1594030449481
309;2200.9687778949738;971.3481056766159;800.677787902612;752.7665463180655;743.5846426561046
310;2207.9978971481323;971.3481056766159;739.193899589796;722.9585862882149;698.3428319752489
311;2215.5773928165436;971.3481056766159;822.9105286758207;808.73265218695;767.1453827820613
312;2222.324600458145;971.3481056766159;850.8632916922923;849.3011449759177;829.8334372403943
313;2229.595911026001;971.3481056766159;804.7702828922664;788.2783105153185;781.1723253993737
314;2236.4910237789154;971.3481056766159;842.2103290464667;840.3229762808932;750.5099603174757
315;2244.250513076782;971.3481056766159;913.3081324976829;830.2246872619894;773.947789196523
316;2251.8766248226166;971.3481056766159;854.935254284259;835.194790802122;807.4470591622786
317;2260.2701575756073;971.3481056766159;900.0239005899275;884.6175884698833;806.5528973103607
318;2267.6024446487427;971.3481056766159;840.872273735959;790.4132601770178;789.6880794558251
319;2274.671741247177;971.3481056766159;947.4798144891244;936.1652148884657;838.0387753387778
320;2283.0334503650665;971.3481056766159;802.2054926526957;791.0673162771164;786.7916779096968
321;2290.0579409599304;982.9302198847538;982.9302198847538;961.1080305412838;865.9582110926342
322;2298.6934309005737;1084.0248989741385;1084.0248989741385;914.4056087284897;861.0703575571224
323;2309.6458942890167;1117.1536742105793;1117.1536742105793;999.2274439880358;999.0382078933444
324;2321.565001964569;1117.1536742105793;1035.7465112516286;1022.5024962171838;1010.3726234902585
325;2333.971807718277;1168.0728677181462;1168.0728677181462;1094.1022805992393;1078.5818989748202
326;2347.1482672691345;1237.7641794032056;1237.7641794032056;1165.1654762208439;1148.583205128357
327;2360.227575302124;1287.8738012992783;1287.8738012992783;1247.9887728727656;1225.8360152430496
328;2374.4701702594757;1287.8738012992783;1263.11254978634;1214.064583436992;1210.8316257547608
329;2388.7801518440247;1340.296045350766;1340.296045350766;1251.2697294097356;1245.0214597797153
330;2401.9330472946167;1340.296045350766;1244.206273899648;1196.8151130589451;1193.5144346136772
331;2414.7792360782623;1340.296045350766;1338.822391289245;1272.2644157150767;1204.7212386936237
332;2427.7783284187317;1340.296045350766;1262.4917320494865;1242.4901179598444;1222.3729578434304
333;2441.801174402237;1340.296045350766;1317.1405254567196;1307.748963526444;1268.1310180871599
334;2455.5622684955597;1340.296045350766;1289.9673874309858;1222.883809907397;1221.4239060334405
335;2469.0769448280334;1340.296045350766;1291.2719998626092;1266.5963455742653;1266.452741833348
336;2481.860187292099;1340.296045350766;1331.019527886846;1272.3472232736142;1270.4864695588822
337;2494.196319103241;1340.296045350766;1272.3187603949118;1245.3859302942105;1188.6481393033323
338;2507.1257824897766;1340.296045350766;1336.7776128609191;1312.2599285648553;1279.8756194135392
339;2519.9645602703094;1340.296045350766;1277.3400934807044;1256.0855156661496;1253.4417801745
340;2533.8775520324707;1340.296045350766;1259.194899657669;1236.1619914155356;1225.2781961272933
341;2546.0202627182007;1340.296045350766;1273.83844900035;1214.6495986323528;1214.4634617099675
342;2558.8973619937897;1340.296045350766;1322.7140465854095;1300.603603810097;1297.086111182892
343;2570.1161999702454;1340.296045350766;1258.0594585559375;1236.3273815720333;1234.2036783574276
344;2582.4761946201324;1340.296045350766;1324.214899398029;1284.7127463232937;1232.8135933405188
345;2596.281889438629;1340.296045350766;1302.415768688588;1289.9300961127117;1260.8076590420178
346;2610.6453998088837;1359.9556427455384;1359.9556427455384;1326.805826028059;1310.9294160722882
347;2624.406177043915;1470.0543644649808;1470.0543644649808;1343.8563286479432;1303.5166407061313
348;2639.7997341156006;1470.0543644649808;1396.8200508945658;1349.9856521816928;1267.408229048839
349;2655.7879614830017;1470.0543644649808;1401.088788020183;1324.5684646349087;1308.3933440747853
350;2670.448386669159;1470.0543644649808;1244.515763793566;1243.4801739082532;1235.4300727570533
351;2684.18944978714;1470.0543644649808;1370.8945740792735;1302.84775354006;1268.691718923342
352;2699.4096574783325;1470.0543644649808;1348.9315075309628;1290.4484263285874;1281.8642220659844
353;2712.890661239624;1470.0543644649808;1343.7341388747377;1274.5900748187198;1218.25366506827
354;2725.424651145935;1470.0543644649808;1286.265666928664;1269.6063252211072;1267.8486791885782
355;2740.907846212387;1470.0543644649808;1362.7920974653105;1347.8952620667044;1326.0420932313816
356;2754.040160894394;1470.0543644649808;1372.6095972915343;1346.365961174852;1308.9826634272392
357;2768.6124243736267;1470.0543644649808;1316.9925875862234;1288.5661703961187;1250.976237137679
358;2781.575662136078;1470.0543644649808;1333.5702635822063;1320.6311693930263;1283.827277771373
359;2795.477819442749;1470.0543644649808;1354.2794102272699;1299.6317888675292;1279.0155581019444
360;2810.482936859131;1470.0543644649808;1303.0388714011667;1296.005059706671;1279.6431578693685
361;2824.3305580615997;1470.0543644649808;1356.1447640884671;1252.5877357484542;1242.9276067622136
362;2837.527268886566;1470.0543644649808;1353.6717000098076;1277.6163592319003;1256.5470338921964
363;2849.1351959705353;1532.3594060603878;1532.3594060603878;1263.6737374034471;1246.6357139879462
364;2864.608539581299;1532.3594060603878;1427.3611446013772;1327.9459907576054;1313.8412345721
365;2880.5753450393677;1532.3594060603878;1376.1642313520204;1324.6295241493772;1289.3324652895512
366;2896.036159515381;1574.357204646657;1574.357204646657;1340.5621639813144;1302.7664122670276
367;2911.19899058342;1574.357204646657;1423.3718070927343;1337.2575003750376;1331.8266023515432
368;2925.7329902648926;1574.357204646657;1282.032001508143;1270.2545131681934;1237.1368725138036
369;2939.8190128803253;1574.357204646657;1335.1439986095088;1272.2443522518179;1252.9229272655098
370;2954.9758093357086;1574.357204646657;1344.2446484494149;1333.6740276371274;1282.3325545341395
371;2970.411260843277;1574.357204646657;1315.1183055865824;1302.2497991970788;1298.335456497118
372;2985.190456867218;1574.357204646657;1362.7077290933769;1353.418638712469;1295.0768028427572
373;2999.2878127098083;1574.357204646657;1369.9484848670081;1347.802176883704;1299.1842614777497
374;3013.3579711914062;1574.357204646657;1483.731761329077;1294.495548953072;1266.3911117881685
375;3026.8693177700043;1574.357204646657;1393.7596380804198;1357.9199873408372;1250.621870014842
376;3039.3247861862183;1574.357204646657;1360.997637736318;1353.9319411521967;1303.4708010456698
377;3052.116537332535;1574.357204646657;1440.9610270547237;1347.9201519844587;1321.927435015311
378;3062.638874769211;1574.357204646657;1389.2504125423775;1334.2272763382155;1328.059058781412
379;3074.017796278;1574.357204646657;1363.336954936288;1316.0403806713314;1279.5723235953897
380;3085.515889406204;1574.357204646657;1364.8454254112494;1341.1104840772318;1327.5304853204884
381;3096.233734846115;1574.357204646657;1372.5250131717635;1342.817983974526;1314.7596225071263
382;3106.3647599220276;1574.357204646657;1469.8631958519074;1352.7016180944902;1325.0751840259354
383;3116.6440649032593;1574.357204646657;1391.774103715859;1333.561908844349;1319.3208467906338
384;3128.8867361545563;1574.357204646657;1450.2870917933803;1358.4151061447155;1349.1441688992543
385;3139.671825647354;1574.357204646657;1505.217705338781;1390.7440308697944;1378.9339061565936
386;3151.154602766037;1574.357204646657;1375.3128486650992;1370.2254752806064;1364.2555340934339
387;3160.727840900421;1574.357204646657;1421.46376460231;1342.0033334814946;1316.4904030097941
388;3170.656546354294;1574.357204646657;1360.9949392462574;1296.9590712469032;1296.1226145617336
389;3180.866913795471;1574.357204646657;1409.30610452564;1361.4552887739535;1267.3792697039894
390;3191.3286068439484;1574.357204646657;1336.7290510080293;1289.0771935776656;1284.4620584184954
391;3202.3916935920715;1574.357204646657;1272.8422567200973;1269.8691444346107;1253.675509608466
392;3212.4735898971558;1574.357204646657;1355.9556976191723;1266.2741083516828;1243.2187887615971
393;3224.187256336212;1574.357204646657;1384.354215544224;1315.4367304754567;1297.901314157531
394;3234.8417675495148;1574.357204646657;1320.649379051758;1315.8883162607497;1247.8943844798118
395;3246.439484834671;1574.357204646657;1401.845609144587;1313.175032057308;1299.5238940562351
396;3257.1858797073364;1574.357204646657;1385.2066280489769;1360.099276878497;1343.960408210543
397;3265.0749764442444;1574.357204646657;1309.4776544550418;1140.499232621636;1131.2510000080001
398;3275.395574092865;1574.357204646657;1352.2953627975876;1277.2905244651135;1262.0371681881825
399;3285.2566521167755;1574.357204646657;1314.8957855191618;1299.6058194675027;1268.7089646484499
400;3295.17533326149;1574.357204646657;1271.8786338127716;1248.4640575338753;1231.2805314416814
401;3305.381971359253;1574.357204646657;1296.479254633864;1273.0369465352562;1262.5715476190821
402;3313.919722557068;1574.357204646657;1312.7462192882094;1257.21056937577;1243.7264977153338
403;3323.845432281494;1574.357204646657;1314.2632188420341;1263.4799745912542;1249.152498466206
404;3333.8842437267303;1574.357204646657;1270.687029604154;1245.659232351256;1244.102041434404
405;3341.978065252304;1574.357204646657;1226.2887265377346;1132.7910934653705;1087.7807044125466
406;3351.986897468567;1574.357204646657;1242.2850891402811;1237.8525669773528;1237.780728023373
407;3361.3157188892365;1574.357204646657;1401.7542845184666;1313.7731932372799;1289.724035753028
408;3371.2906811237335;1574.357204646657;1333.3691966823353;1272.571000188629;1237.7787433699814
409;3381.7770845890045;1574.357204646657;1402.929144513513;1327.8070830855363;1258.9214313296163
410;3391.949546813965;1574.357204646657;1343.889703669478;1275.3535588178834;1267.7292421820057
411;3400.3091654777527;1574.357204646657;1315.3637296341997;1247.0618280848391;1208.350327267435
412;3408.494125843048;1574.357204646657;1262.416520262447;1138.674352996633;1011.1056315800054
413;3416.845263004303;1574.357204646657;1235.8699832521556;1154.2247112728955;1109.2175741482947
414;3425.9434385299683;1574.357204646657;1338.5859850402544;1262.5101455988397;1206.3529410097487
415;3434.13667678833;1574.357204646657;1273.240681466523;1226.4360808040606;1214.2803256054956
416;3443.3036835193634;1574.357204646657;1367.608629416915;1314.0206314947861;1281.2437396116663
417;3451.489319562912;1574.357204646657;1273.790724581559;1236.4337909870728;1204.39315402886
418;3459.8761525154114;1574.357204646657;1345.768337817007;1238.0012480906448;1181.7217104394226
419;3467.250938653946;1574.357204646657;1331.4405866300492;1312.1402106948951;1270.3455252757456
420;3475.767962694168;1574.357204646657;1236.9361803808906;1213.8988914241895;1212.8298139068822
421;3483.418552160263;1574.357204646657;1291.1107049040124;1258.2025805441908;1252.3720239100776
422;3490.9401676654816;1574.357204646657;1265.1007654578473;1247.4275695890433;1230.6954876223524
423;3498.512413263321;1574.357204646657;1240.4077926699522;1207.2486434622072;1200.5147402087446
424;3506.143794298172;1574.357204646657;1394.7576014945707;1286.4201122479797;1212.3741709562444
425;3513.6884920597076;1574.357204646657;1218.2519671955042;1165.7975499992217;1124.8613337207908
426;3520.924192428589;1574.357204646657;1338.0451753554753;1238.2699391736237;1131.6589235959525
427;3530.4688782691956;1574.357204646657;1388.2433680875972;1217.2210675721442;1216.2280050752177
428;3540.183740377426;1574.357204646657;1350.4208217802948;1264.2151020694996;1250.5352003032574
429;3548.9301369190216;1574.357204646657;1293.6784477642955;1237.3689284732254;1204.6728185858624
430;3558.5757768154144;1574.357204646657;1291.8576889815492;1221.2248468513144;1164.284975694146
431;3566.089346885681;1574.357204646657;1395.3490265996913;1326.414562557882;1250.4775923739674
432;3575.131588935852;1574.357204646657;1484.3013175169447;1317.1560957782253;1309.3711076228424
433;3581.25359249115;1574.357204646657;1252.4478515088674;1238.7421093649396;1208.8533877637137
434;3589.4419469833374;1574.357204646657;1297.5683442973468;1257.598639274548;1225.3606699699183
435;3596.873506784439;1574.357204646657;1447.1114549007555;1263.5979191214192;1230.2551117184362
436;3603.1732625961304;1574.357204646657;1101.5614968350092;1096.2408249158434;1071.8707510163356
437;3610.0240457057953;1574.357204646657;1154.365033132745;982.9298814524309;980.5601169517197
438;3619.7711260318756;1574.357204646657;1314.7757878642476;1260.072799998189;1180.8561872625232
439;3627.4143521785736;1574.357204646657;1281.5006980259386;1198.133621513367;998.5314311305438
440;3636.4265410900116;1574.357204646657;1331.8474531772858;1220.2150889353493;1095.9005042480198
441;3643.5327067375183;1574.357204646657;1236.6348112308276;1221.6806626991097;1212.0267646747918
442;3649.5238559246063;1574.357204646657;1352.828773300495;1286.449898580226;1001.8620789892167
443;3657.789741039276;1574.357204646657;1292.463866342924;1248.2473119444996;1168.1996032617808
444;3666.193773508072;1574.357204646657;1431.3648954606488;1290.753636939395;1285.9665985753632
445;3674.2011399269104;1574.357204646657;1293.5783093752882;1224.224171114209;1218.590622213922
446;3683.298586368561;1574.357204646657;1364.1370817439142;1297.5495772225026;1234.141518601107
447;3691.862392425537;1574.357204646657;1207.575602563726;1157.8858056124802;1136.7181477710242
448;3701.5893964767456;1574.357204646657;1343.5090583674107;1322.1941104091472;1254.0339737966617
449;3709.6096091270447;1574.357204646657;1386.34200427834;1233.6602089588632;1020.6210806497202
450;3720.819813966751;1574.357204646657;1224.5729311318971;1210.2584191286749;1208.7756587584722
451;3729.543860912323;1574.357204646657;1293.5432760469996;1266.9145486877303;1223.1972633435842
452;3739.1844334602356;1574.357204646657;1237.1974512174286;1192.813321105709;1166.670222064157
453;3748.2349214553833;1574.357204646657;1330.1612970651663;1217.0771216330509;1208.2328751520558
454;3757.13937664032;1574.357204646657;1356.7358034117706;1285.8370354421556;1231.244015550932
455;3766.7570340633392;1574.357204646657;1296.9489371183424;1156.1346893388557;1151.9564206765067
456;3776.168448448181;1574.357204646657;1354.3787635975448;1331.8741324067998;1289.1798970859038
457;3783.1625237464905;1574.357204646657;1418.7412285374135;1391.9413834204443;1320.191583962467
458;3790.058032274246;1574.357204646657;1390.4728070636984;1313.6127496285023;1274.9354652342936
459;3797.8028070926666;1574.357204646657;1382.6875782516483;1234.4011030346287;1230.0024657671147
460;3806.197172641754;1574.357204646657;1507.7319312213895;1283.5355828788083;1206.3715153795474
461;3813.0020492076874;1574.357204646657;1413.3387743982885;1299.9328065401758;1276.897413349812
462;3820.4752407073975;1574.357204646657;1293.2210675721442;1244.0803683884121;1237.2834764940353
463;3829.1632628440857;1574.357204646657;1317.690866387665;1249.220446963255;1227.440727489894
464;3837.6650059223175;1574.357204646657;1547.2204862204794;1311.3481572292428;1301.2007104629142
465;3844.9061324596405;1574.357204646657;1382.6687096446703;1360.1950533141587;1340.4696780470065
466;3851.085820913315;1574.357204646657;1322.2243895637566;1318.6292570518633;1313.5676170535003
467;3857.7423946857452;1574.357204646657;1365.8410498916498;1277.607791016821;1253.034740532722
468;3867.2504687309265;1574.357204646657;1395.6490204751385;1348.2420681090368;1348.0167472862145
469;3875.312325000763;1574.357204646657;1395.5717919631688;1347.6393796661778;1323.5207468724334
470;3883.7233412265778;1574.357204646657;1311.7404704691967;1261.282699133954;1247.504710530825
471;3891.589277267456;1574.357204646657;1336.3585029529604;1282.51527532624;1224.8608220894073
472;3899.6802504062653;1574.357204646657;1502.1384325689617;1300.5416846730081;1142.2919929161428
473;3908.520922422409;1574.357204646657;1229.4878487602705;1168.2492850627318;1151.3761219694143
474;3917.4408304691315;1574.357204646657;1315.4020524040645;1305.7433044149195;1257.0228283447286
475;3924.7958810329437;1574.357204646657;1453.7433496141339;1346.167898757762;1269.9876084204795
476;3932.063088655472;1574.357204646657;1359.5144196790038;1209.8862803935624;1057.389238391672
477;3939.7322528362274;1574.357204646657;1203.3136307009281;1062.45769450379;954.3741159619372
478;3946.0048134326935;1574.357204646657;1286.5320424000663;1212.9137991201226;1190.5323209198782
479;3953.1124148368835;1574.357204646657;1234.3522019404513;1195.2721324772183;1147.5353227175958
480;3961.2421793937683;1574.357204646657;1323.6003144674078;1237.4784480435771;1065.5914556834805
481;3967.4893159866333;1574.357204646657;1246.3676840277017;1167.1035857485322;1112.6960043895058
482;3975.482464313507;1574.357204646657;1340.1460739830534;1262.0538608697339;1259.110349643409
483;3983.0891144275665;1574.357204646657;1208.2363559704045;1164.2052880395222;1157.4240424743969
484;3990.139361858368;1574.357204646657;1315.219331203742;1303.7367467008887;1301.012604288438
485;3998.859581708908;1574.357204646657;1263.3857490715104;1184.275917364674;1132.3289844783533
486;4009.2195205688477;1574.357204646657;1358.6830708228556;1308.1185515903992;1243.7411624050817
487;4017.9804706573486;1574.357204646657;1293.8131236995341;1280.1584123710634;1233.6371199126868
488;4027.2142658233643;1574.357204646657;1487.8065694280278;1381.2229988582158;1312.9463213748784
489;4035.3607227802277;1574.357204646657;1460.0512813050357;1395.5898047688324;1239.7203078391635
490;4042.6925666332245;1574.357204646657;1288.865384123876;1252.8194454284949;1232.529427628989
491;4050.6790878772736;1574.357204646657;1323.7772420699655;1285.8032740222068;1149.3750960062011
492;4057.4073865413666;1574.357204646657;1360.3311966250958;1314.7607267054818;1286.9274998437884
493;4065.872973918915;1574.357204646657;1506.010541176564;1325.2854775772346;1183.2028207691335
494;4073.9362885951996;1574.357204646657;1326.0722647787227;1238.5983065511778;1051.4898763718606
495;4081.499095439911;1574.357204646657;1361.0044328170745;1352.5094456340444;1266.2777729669401
496;4089.94034576416;1574.357204646657;1359.8817935782945;1341.7430558148121;1309.286405623416
497;4096.408961057663;1574.357204646657;1423.5733580088047;1324.9303417428805;1193.1779723675045
498;4102.985695362091;1574.357204646657;1232.422399446657;1136.0562586166081;1038.7582759475995
499;4112.2360496521;1574.357204646657;1218.9357265330473;1133.3953725369238;1132.0333113768424
500;4118.336490392685;1574.357204646657;1228.2435992713197;1214.885277841214;1125.4890931883972
501;4126.261798143387;1574.357204646657;1319.7428814539892;1254.6313412026057;1221.3364937391173
502;4134.763025760651;1574.357204646657;1397.8609298689455;1316.8824727679694;1290.1675944721642
503;4142.386923313141;1574.357204646657;1366.994178175051;1326.3480165861924;1321.1700514501501
504;4151.285373926163;1574.357204646657;1540.2211324201544;1260.4355273684107;1221.7096565284028
505;4158.749155759811;1574.357204646657;1358.6647413736478;1346.1730912607804;1330.2180932859694
506;4166.929109334946;1692.1302669692989;1692.1302669692989;1403.7479809643003;1321.4411273705018
507;4181.590148925781;1692.1302669692989;1458.956896337183;1445.5111802689003;1393.0507197984134
508;4197.299042463303;1692.1302669692989;1488.7309865195186;1402.0390169466252;1374.4586932745137
509;4211.06343626976;1692.1302669692989;1465.8639316731894;1398.9073567148553;1392.060550301243
510;4223.795462846756;1692.1302669692989;1446.6818127383467;1398.440727489894;1397.0694108823134
511;4237.56499171257;1692.1302669692989;1440.9721087429282;1402.299417617098;1397.9492426816519
512;4251.256308794022;1692.1302669692989;1498.7038457169601;1472.0219897844283;1386.6561723309048
513;4264.035815000534;1692.1302669692989;1403.7052884282284;1384.353229099633;1371.4461423127843
514;4276.460344791412;1692.1302669692989;1572.010780181372;1476.3678253657897;1428.293039159142
515;4287.60017490387;1692.1302669692989;1434.578668927304;1434.5013515702447;1363.9665583202966
516;4298.919903993607;1692.1302669692989;1459.805450564062;1443.176360415817;1387.7988095640312
517;4309.238270282745;1692.1302669692989;1344.4134103804643;1281.3507419200298;1267.7106114611586
518;4321.815578460693;1692.1302669692989;1461.2645982318263;1413.0763215923453;1405.083895198884
519;4331.81755065918;1692.1302669692989;1451.5923319255503;1374.629268975655;1353.482282011529
520;4343.075474500656;1692.1302669692989;1388.463915245112;1384.7052404288556;1377.9647628121684
521;4354.730937957764;1692.1302669692989;1421.039333776018;1418.6542195929344;1407.6636987846284
522;4366.291462659836;1692.1302669692989;1397.5847701683347;1371.6621598107474;1370.950788296161
523;4378.178952693939;1692.1302669692989;1394.7653466663658;1373.7985050251416;1371.7082747422157
524;4388.905294895172;1692.1302669692989;1445.8638326951893;1431.522400537559;1376.8392107303168
525;4401.086579799652;1692.1302669692989;1525.8705220567224;1380.538826107256;1376.3485928797852
526;4413.193549156189;1692.1302669692989;1458.8706104025216;1435.0514670129487;1411.3362122116262
527;4427.001468896866;1692.1302669692989;1501.4992466435865;1494.0528309417475;1420.1488327978414
528;4437.895149230957;1692.1302669692989;1524.9176973134513;1390.5779302365772;1370.1289357606083
529;4446.451415300369;1692.1302669692989;1401.7395846247623;1390.7320038813239;1356.0787811424602
530;4458.794085025787;1692.1302669692989;1409.510788636225;1405.5076491455584;1370.677353677477
531;4469.933326482773;1692.1302669692989;1387.3397300705617;1355.0935970095252;1352.4326098193997
532;4479.611863613129;1692.1302669692989;1443.653075155404;1392.12687586366;1352.9882082030495
533;4493.652147293091;1692.1302669692989;1389.8213114250843;1357.816672039545;1320.9107470996098
534;4504.430754184723;1692.1302669692989;1427.323784392354;1376.0218219138208;1353.2790286466893
535;4514.933045387268;1692.1302669692989;1456.5816919436843;1441.6240364227228;1328.4764190215874
536;4527.757581710815;1692.1302669692989;1427.196790149605;1397.30889566322;1338.5146223783793
537;4537.297625303268;1692.1302669692989;1366.850604631651;1336.1320700024628;1295.4247250304084
538;4548.82075381279;1692.1302669692989;1438.9758476005582;1431.5728706015507;1388.6984548983767
539;4560.783972501755;1692.1302669692989;1399.2453378535215;1332.4329430022303;1322.8608857183503
540;4573.44482421875;1692.1302669692989;1525.3321525135614;1385.9972690186908;1354.3101888667406
541;4586.287847995758;1692.1302669692989;1366.7254504741609;1362.0762760491248;1337.6396939925773
542;4599.266762256622;1692.1302669692989;1387.425903866199;1378.1043350656596;1364.9837623000096
543;4609.114671468735;1692.1302669692989;1419.2725437906345;1348.851613212006;1329.6098869960697
544;4620.483892917633;1692.1302669692989;1336.9388218193424;1331.053160416542;1330.3337496220283
545;4630.559456586838;1692.1302669692989;1487.7448201098875;1418.7587367535307;1359.7230678146368
546;4641.466241121292;1692.1302669692989;1421.903896900032;1344.5409898634555;1337.3101508970763
547;4653.450890541077;1692.1302669692989;1405.8531142689978;1356.510857313533;1337.2037220060015
548;4663.808470487595;1692.1302669692989;1359.0724367405298;1325.33174306046;1323.7124268891523
549;4674.658584356308;1692.1302669692989;1390.730416383345;1357.487367870057;1336.065335810807
550;4685.289115667343;1692.1302669692989;1374.1697459216316;1344.4473747554912;1342.0771615519072
551;4697.191677808762;1692.1302669692989;1344.4963081894025;1334.8037484105807;1316.465465500934
552;4709.10337305069;1692.1302669692989;1445.9801955433497;1335.4804765018039;1333.7996438539258
553;4722.199184656143;1692.1302669692989;1414.9858481698063;1382.184475060133;1348.4183765677665
554;4733.149471282959;1692.1302669692989;1341.2923697823699;1304.251612371621;1295.4292358298917
555;4741.8613295555115;1692.1302669692989;1365.7954556605205;1364.0121887055445;1343.081136015558
556;4752.51326751709;1692.1302669692989;1361.0558801153668;1286.4984267334767;1279.9970970981442
557;4762.975722551346;1692.1302669692989;1352.7143019795553;1284.5304510876042;1236.4790723844903
558;4772.963483572006;1692.1302669692989;1313.9517764736381;1269.1497897866218;1242.5131217412006
559;4781.540431261063;1692.1302669692989;1332.0326752080205;1331.6483539632588;1317.6915810656242
560;4791.489264965057;1692.1302669692989;1398.1490394418765;1394.422570719484;1380.4339481083414
561;4801.147060871124;1692.1302669692989;1310.9555788502946;1287.017631194157;1286.9163356042272
562;4811.531551361084;1692.1302669692989;1392.2562376996907;1342.6987348998978;1326.9048177399425
563;4822.343271017075;1692.1302669692989;1471.4854938661572;1373.5535448308815;1324.3544995474092
564;4833.703640699387;1692.1302669692989;1326.7050854272145;1303.8063842001818;1303.0845576704523
565;4844.520588636398;1692.1302669692989;1333.9961953454183;1322.1354614867103;1306.2398399161132
566;4855.595558643341;1692.1302669692989;1483.8254739060117;1401.550741205707;1341.1968536373226
567;4865.143538475037;1692.1302669692989;1435.4317661172404;1378.0435021560052;1329.0897644428928
568;4874.062374830246;1692.1302669692989;1342.0647422046527;1325.6459862424883;1288.1299502124066
569;4884.1905336380005;1692.1302669692989;1360.9951678629448;1358.8289300122035;1347.05753630039
570;4893.569663286209;1692.1302669692989;1403.8869104682292;1381.11092123322;1374.057967476914
571;4905.9736268520355;1692.1302669692989;1414.2476908015997;1387.9996504480423;1362.3434859729514
572;4915.93798494339;1692.1302669692989;1314.1116850566414;1306.7068960871545;1281.4916365083259
573;4928.600562334061;1692.1302669692989;1463.0919638468874;1447.0220166743484;1354.0486668770354
574;4940.963262796402;1692.1302669692989;1391.2656805396916;1379.4800094942243;1354.296771838831
575;4950.086766004562;1692.1302669692989;1389.4258208445704;1378.3560203474415;1364.0065840811426
576;4959.935035228729;1692.1302669692989;1374.5870678074161;1342.2421690826923;1320.7130807994427
577;4970.309990644455;1692.1302669692989;1356.9038090335287;1342.952812741511;1342.9120822389827
578;4982.415793657303;1692.1302669692989;1387.114162490934;1382.4103885906434;1362.9929900807667
579;4993.104632139206;1692.1302669692989;1441.285418119066;1351.3533495888344;1337.0955001260959
580;5002.228247880936;1692.1302669692989;1313.8229369326318;1310.1478487818158;1302.5732250487397
581;5011.853789567947;1692.1302669692989;1416.5094416262496;1326.3811697780925;1244.5978321960943
582;5020.138734817505;1692.1302669692989;1483.8436347473262;1282.5648328864736;1238.4384379279786
583;5031.172936677933;1692.1302669692989;1527.3921254676275;1415.2046068759198;1373.605579630562
584;5040.6747007369995;1692.1302669692989;1384.654189572683;1344.9204959710707;1332.492608187836
585;5049.341869831085;1692.1302669692989;1351.9480871614214;1325.3632849765042;1236.580465226562
586;5060.275445699692;1692.1302669692989;1490.5968233310045;1456.6731187976488;1382.7486111271858
587;5071.853542327881;1692.1302669692989;1333.2826752080205;1303.3514008392958;1272.4860258698923
588;5082.127301692963;1692.1302669692989;1262.1178220857107;1236.7899940592285;1222.1110056964023
589;5091.775112867355;1692.1302669692989;1387.464101780217;1273.9193008859233;1265.2461549501359
590;5101.14230298996;1692.1302669692989;1166.8479986149928;1044.1740975714179;999.8204603543389
591;5108.793514966965;1692.1302669692989;1281.7537598381653;1244.9834699456512;1181.4458271631977
592;5118.104958534241;1692.1302669692989;1413.340990364502;1392.6952382880434;1288.4533487778745
593;5127.726310968399;1692.1302669692989;1354.8991555485618;1342.0788948193626;1332.5608530855743
594;5137.633250713348;1692.1302669692989;1365.824791499055;1344.8987888321062;1334.037044468225
595;5144.863658905029;1692.1302669692989;1426.2634891118757;1286.1209439774716;1261.0802055800025
596;5156.520808696747;1692.1302669692989;1374.464140808978;1362.2812865841581;1285.6695835885862
597;5168.048803091049;1692.1302669692989;1365.7964512162669;1333.5686116191723;1315.9291246477196
598;5175.69976401329;1692.1302669692989;1312.9921913109765;1214.2320036986061;1206.2312139620321
599;5184.914926528931;1692.1302669692989;1417.433139129213;1341.0683302687557;1247.375234083218
600;5194.528440952301;1692.1302669692989;1448.7509032405546;1373.4736536217342;1330.441542864965
601;5203.63406252861;1692.1302669692989;1302.1936089678431;1252.8682321373383;1234.2418999706613
602;5212.001147031784;1692.1302669692989;1310.521819551082;1296.2695461538538;1290.4327289505595
603;5220.252210140228;1692.1302669692989;1347.850889493972;1332.9012008598504;1296.336104792912
604;5227.688137054443;1692.1302669692989;1420.3504264663238;1375.6809132561705;1335.945304053458
605;5236.649081945419;1692.1302669692989;1338.8750833529655;1249.8589052837374;1124.1999866238646
606;5247.720085144043;1692.1302669692989;1551.9566868242791;1415.8453861232479;1316.125758401646
607;5255.815185546875;1692.1302669692989;1586.2875360256528;1342.3789287492177;1291.4693693652475
608;5263.392037153244;1692.1302669692989;1344.3651020526358;1296.9124619127301;1238.4931501254507
609;5273.294512748718;1692.1302669692989;1332.617637247053;1316.8897687595315;1304.1367823592645
610;5282.692816734314;1692.1302669692989;1375.4837926571483;1336.2604288708947;1258.662484115114
611;5292.287714242935;1692.1302669692989;1399.0205760746544;1070.8008555106067;1042.674763031509
612;5302.06766295433;1692.1302669692989;1317.795871080244;1299.0256854910554;1280.7816033467086
613;5310.708854436874;1692.1302669692989;1332.300104267028;1317.3975931396087;1222.3785935290869
614;5318.216960430145;1692.1302669692989;1345.3290067979804;1318.3470897214008;1267.5658282314664
615;5326.543257474899;1692.1302669692989;1312.2183459898768;1291.9157351491679;1241.5747169879344
616;5336.446083307266;1692.1302669692989;1336.5987707279464;1325.3504654449755;1314.4570261218498
617;5346.7161257267;1692.1302669692989;1363.0958008025034;1345.2916847041881;1329.0153438145585
618;5356.382508277893;1692.1302669692989;1311.4842857918393;1118.9178985586423;1052.9864897364046
619;5364.613320112228;1692.1302669692989;1421.6301472369348;1156.684990008605;1145.2265223823124
620;5374.777723073959;1692.1302669692989;1490.4328845264745;1329.3499226006502;1314.909701999107
621;5384.031335353851;1692.1302669692989;1361.189636687125;1352.4655063003584;1265.8538329975788
622;5393.344916820526;1692.1302669692989;1346.2445251818901;1341.905906232148;1317.4295053827511
623;5402.643538236618;1692.1302669692989;1358.1888056179475;1323.221872858713;1310.998502480749
624;5411.914000749588;1692.1302669692989;1442.397916952133;1377.5868015695646;1365.8401426156886
625;5421.716443300247;1692.1302669692989;1470.5530137365467;1343.8322285492234;1318.3301203092137
626;5430.066350698471;1692.1302669692989;1412.6499446902767;1408.858081119161;1406.383158323876
627;5438.9491329193115;1692.1302669692989;1395.0613598611785;1354.6124646257526;1233.2701105515284
628;5446.791087627411;1692.1302669692989;1293.5114625548447;1263.1958385435275;1225.8757403899642
629;5456.343242645264;1692.1302669692989;1413.728509268479;1317.9907071210728;1264.669176771894
630;5463.3908133506775;1692.1302669692989;1352.4040430020955;1289.540969743151;1234.9232645882246
631;5470.520030736923;1692.1302669692989;1313.3017035869277;1292.5679078148878;1199.7425884051206
632;5479.247549533844;1692.1302669692989;1384.580066769103;1355.8059563961133;1267.3056120604156
633;5488.005740642548;1692.1302669692989;1394.022459337023;1356.6191713605308;1336.9217962353614
634;5496.03667473793;1692.1302669692989;1396.1813089807017;1382.202111814537;1372.410473916093
635;5505.745646715164;1692.1302669692989;1446.9307156267166;1434.1770407434506;1397.4114608739844
636;5515.050817728043;1692.1302669692989;1398.8870187330358;1361.0200671851874;1321.1109934087442
637;5522.815390348434;1692.1302669692989;1552.4564339904327;1404.984585709337;1400.1789315997673
638;5531.236552476883;1692.1302669692989;1490.9255872549352;1384.5257871203412;1244.9771264915914
639;5541.675430059433;1692.1302669692989;1384.180557156765;1306.7377347585145;1289.9542448939176
640;5552.28701210022;1692.1302669692989;1329.5676051882424;1307.6233808471272;1283.9835679559562
641;5560.829993486404;1692.1302669692989;1345.8524245491299;1329.5942200200295;1289.4652673534072
642;5570.069122314453;1692.1302669692989;1506.2113098337647;1381.4036026351484;1371.8551806983198
643;5578.6283390522;1692.1302669692989;1434.7286760481459;1399.9339447697284;1396.8883547040411
644;5587.8599858284;1692.1302669692989;1437.0262918932517;1436.2937524021786;1395.8171605865116
645;5596.915594339371;1692.1302669692989;1405.8649629649985;1367.6907709522611;1325.2816933061692
646;5605.2635107040405;1692.1302669692989;1368.3860269007016;1358.5953061579073;1274.3876262706285
647;5614.032775640488;1692.1302669692989;1538.517905834672;1444.93031427474;1438.0426011710103
648;5621.478103399277;1692.1302669692989;1417.313934672996;1198.4423116541477;1094.9803039119756
649;5631.672601938248;1692.1302669692989;1459.0451705503203;1450.8363747971466;1284.0036045178006
650;5639.488771915436;1692.1302669692989;1448.131914409235;1341.3519866123042;1322.4478927595808
651;5647.938708782196;1692.1302669692989;1459.9679483003424;1357.503074222518;1335.508132525313
652;5657.429006099701;1692.1302669692989;1431.925943764697;1399.7813116131465;1375.9137789486565
653;5666.634104728699;1692.1302669692989;1427.8894709728788;1349.6559886678292;1259.5488252267908
654;5674.504854440689;1692.1302669692989;1420.8242111043526;1238.9332117987997;1234.7198767781736
655;5683.796507120132;1692.1302669692989;1277.228553017592;1238.3936518726446;1138.2970532135403
656;5694.49948143959;1692.1302669692989;1347.4209088301939;1341.267023765104;1314.1952666261163
657;5701.575380563736;1692.1302669692989;1451.3594887408206;1442.0681008486545;1382.370088860248
658;5711.441390275955;1692.1302669692989;1366.8248101573315;1313.9448864075696;1284.42196396029
659;5721.028055429459;1692.1302669692989;1383.9180894605188;1371.3657167879546;1339.4367552409892
660;5731.218495845795;1692.1302669692989;1342.2130281458128;1329.3745316673667;1157.8283813881887
661;5740.909591913223;1692.1302669692989;1401.8186403083885;1385.2403282853422;1302.7863829774303
662;5748.266092300415;1692.1302669692989;1382.89339121429;1340.7703749830364;1317.426350902222
663;5758.266024589539;1692.1302669692989;1470.0666730719968;1410.7025215911374;1377.0859526161744
664;5767.225253820419;1692.1302669692989;1393.9155001957788;1370.3376493498884;1350.280832529208
665;5775.8406291008;1692.1302669692989;1378.7856292358026;1322.4153886081835;1202.810442461743
666;5784.043416500092;1692.1302669692989;1438.5423928038067;1364.8806224380876;1328.2108152449755
667;5792.8369970321655;1692.1302669692989;1513.0484271408523;1413.9430985204865;1386.1097135959194
668;5800.659959554672;1692.1302669692989;1471.1179492518827;1422.6693000307594;1348.7962207529617
669;5809.5818383693695;1692.1302669692989;1443.2388006318192;1434.8204731716723;1336.7982284649927
670;5818.787293672562;1692.1302669692989;1317.140389699663;1275.2687527389448;1261.590847421735
671;5828.663730621338;1692.1302669692989;1514.1199499196675;1460.4359208995097;1247.390335710428
672;5838.164165496826;1692.1302669692989;1341.4298594378654;1327.6916909519887;1296.5256328156015
673;5847.338924407959;1692.1302669692989;1459.0810129918577;1409.7237024095596;1369.8436237408885
674;5857.562349557877;1692.1302669692989;1447.7711255878348;1374.6957428964242;1344.474122319549
675;5865.357814788818;1692.1302669692989;1431.5968957765078;1344.9880443068905;1296.9766384617071
676;5871.76385807991;1692.1302669692989;1431.937847449945;1346.5694963772019;1236.4622312732808
677;5881.173233032227;1692.1302669692989;1444.5024575999628;1381.7364459513815;1323.982703304199
678;5890.371252298355;1692.1302669692989;1324.6821637098178;1322.7724820871344;1313.8436388493126
679;5899.869386911392;1692.1302669692989;1357.242110326399;1307.8041607087716;1305.180607120622
680;5907.269024848938;1692.1302669692989;1126.3223763710191;1084.5811672921889;974.2456866133978
681;5917.726767063141;1692.1302669692989;1345.3595136542644;1282.4313894722006;1271.2420269277018
682;5928.821331977844;1692.1302669692989;1436.6752513439956;1280.6914235392385;1259.5399627128622
683;5939.243665218353;1692.1302669692989;1314.1530566628019;1243.1022588836531;1229.287919837408
684;5949.163575172424;1692.1302669692989;1343.013068071644;1334.6112070858278;1315.2444786462333
685;5958.566328048706;1692.1302669692989;1516.377521393395;1452.9115581076667;1330.5411542838744
686;5967.82705783844;1692.1302669692989;1405.0394261485258;1293.5772610215072;1276.0137024743733
687;5979.657868862152;1692.1302669692989;1520.07608445432;1379.0097651742005;1301.9663364419232
688;5990.355913639069;1692.1302669692989;1415.8196222375439;1350.2111326691654;1271.0205286027585
689;6000.3149309158325;1692.1302669692989;1369.1776446755403;1364.618472394085;1355.1780101737206
690;6009.963328838348;1692.1302669692989;1411.1928874080984;1310.187673118789;1256.924730511485
691;6020.043953895569;1692.1302669692989;1420.2504578800656;1336.6266732459826;1277.9474286997438
692;6028.369601011276;1692.1302669692989;1386.2130234450894;1347.2890272541335;1318.3478396296437
693;6038.123332738876;1692.1302669692989;1440.5831718349286;1399.4131655751225;1330.3422878980914
694;6046.873948335648;1692.1302669692989;1427.9578438912577;1362.1499587583799;1290.781391365258
695;6057.136253595352;1692.1302669692989;1386.5145311242863;1369.2743060001421;1362.616681235432
696;6066.594848394394;1692.1302669692989;1411.0932457674874;1317.044406141034;1216.514593022319
697;6077.678957939148;1692.1302669692989;1420.4597966635502;1403.3210173174523;1386.033330549059
698;6088.436238050461;1692.1302669692989;1333.9347213783392;1317.6011660052422;1300.3851417173641
699;6098.524472951889;1692.1302669692989;1411.9950759779938;1357.8647341776789;1346.9195655633598
700;6108.084485054016;1692.1302669692989;1454.439610447173;1281.9745284048472;1256.0100752991516
701;6116.130702495575;1692.1302669692989;1465.8380377873941;1357.3547985780176;1237.2534592549662
702;6125.994120121002;1692.1302669692989;1477.7354888660425;1296.0023862469384;1294.1093232083588
703;6136.203748226166;1692.1302669692989;1460.920536551165;1426.7352362102715;1337.332768749537
704;6145.223286151886;1692.1302669692989;1430.5124965531659;1333.7266775454045;1291.4089439647655
705;6155.896542549133;1692.1302669692989;1449.9695073813814;1376.266006917808;1296.6604927141175
706;6166.452224254608;1692.1302669692989;1465.0690969113687;1370.6254690984201;1363.6320484463038
707;6175.954659461975;1692.1302669692989;1415.4753377269756;1412.1473942382427;1355.4097391598957
708;6186.636354207993;1692.1302669692989;1460.2593094607068;1433.4663964168942;1426.3647921289044
709;6196.4446387290955;1692.1302669692989;1461.1710313322992;1452.7542097316127;1360.67097441542
710;6204.490386009216;1692.1302669692989;1420.5508112186346;1403.7056740076296;1372.5273352318727
711;6212.618529558182;1692.1302669692989;1386.3678492762756;1354.4875842582371;1346.6769424612482
712;6223.486284017563;1692.1302669692989;1351.9247420353668;1337.2276126599604;1333.5471697808268
713;6233.369364261627;1692.1302669692989;1480.8713387088094;1360.3576856864988;1272.476969344565
714;6244.257214784622;1692.1302669692989;1451.4200407170458;1305.8490864967455;1304.6055595181506
715;6253.630403518677;1692.1302669692989;1407.2937585776965;1240.139668933581;1219.7723892543845
716;6263.305381298065;1692.1302669692989;1433.381837821891;1339.3103916662353;1335.798367896584
717;6273.765165090561;1692.1302669692989;1423.6999811888877;1422.0231967387763;1416.8497596635666
718;6283.82227730751;1692.1302669692989;1414.3646413326628;1326.6402601592472;1310.7874531235918
719;6295.57393860817;1692.1302669692989;1449.4012981179787;1388.701426646896;1346.2350567749997
720;6304.719636917114;1692.1302669692989;1399.875474344019;1316.4747858592993;1310.7822981331706
721;6313.435743570328;1692.1302669692989;1437.9854290211504;1415.9106977027488;1350.4296831061142
722;6322.024279594421;1692.1302669692989;1440.0871067721723;1401.8473358105953;1398.8003366102978
723;6330.087654829025;1692.1302669692989;1433.1392947146717;1292.5490813904657;1275.2040491427776
724;6338.833852052689;1692.1302669692989;1357.6882988798582;1341.1330605945516;1231.7269053543625
725;6349.2031309604645;1692.1302669692989;1378.959426976581;1349.016763483597;1335.5623119090997
726;6358.476802825928;1692.1302669692989;1489.2558745432366;1454.1648042381212;1445.6199368439793
727;6365.761889696121;1692.1302669692989;1448.949060291853;1141.9415831561353;1130.712874363735
728;6376.330142259598;1692.1302669692989;1439.2289550011856;1378.57999430934;1304.5018118796731
729;6388.525293588638;1692.1302669692989;1430.8116305869507;1380.6146136637262;1372.484713515146
730;6398.8430280685425;1692.1302669692989;1344.6255341895746;1319.7769088995556;1309.3193700453814
731;6408.763879537582;1692.1302669692989;1422.4966403311096;1376.3902255438022;1371.017045056826
732;6419.553634643555;1692.1302669692989;1310.719433029967;1237.1587950194553;1236.453631852475
733;6430.274277448654;1692.1302669692989;1426.473296692877;1393.713182910821;1253.3429356149654
734;6439.662586450577;1692.1302669692989;1454.9172619069311;1173.7527747704855;1150.213280256484
735;6449.80318570137;1692.1302669692989;1411.3155946283173;1360.2631072937816;1313.002000032001
736;6460.626273393631;1692.1302669692989;1406.5360463731538;1383.4029642234182;1310.2136396266478
737;6471.287332057953;1692.1302669692989;1662.575499442977;1418.6726192986262;1337.2920770964183
738;6478.354435443878;1692.1302669692989;1484.2922538566;1461.5438183599263;1431.8482384652498
739;6487.080070734024;1692.1302669692989;1373.660136739491;1362.3832580888845;1340.2480823180824
740;6495.565743684769;1692.1302669692989;1580.4112489212787;1547.2725581853674;1422.8259460909144
741;6502.5378613471985;1692.1302669692989;1508.3541899702007;1331.18734775017;1329.9782076351798
742;6512.274582624435;1692.1302669692989;1408.8457683723493;1368.6603632934718;1348.967705338781
